{
  "speaker": "03",
  "accuracy": 0.6122448979591837,
  "f1_macro": 0.4844750021220609,
  "f1_micro": 0.6122448979591837,
  "f1_weighted": 0.615647471109656,
  "scores_csv": "/Users/adityakumar/Developer/Projects/emodb_project/output/results/speaker_03/plda_scores.csv",
  "classification_report": {
    "Happiness": {
      "precision": 0.6666666666666666,
      "recall": 0.2857142857142857,
      "f1-score": 0.4,
      "support": 7.0
    },
    "Neutral": {
      "precision": 0.6666666666666666,
      "recall": 0.5454545454545454,
      "f1-score": 0.6,
      "support": 11.0
    },
    "Anger": {
      "precision": 0.8125,
      "recall": 0.9285714285714286,
      "f1-score": 0.8666666666666667,
      "support": 14.0
    },
    "Fear": {
      "precision": 0.4,
      "recall": 0.5,
      "f1-score": 0.4444444444444444,
      "support": 4.0
    },
    "Boredom": {
      "precision": 0.25,
      "recall": 0.6,
      "f1-score": 0.35294117647058826,
      "support": 5.0
    },
    "Disgust": {
      "precision": 0.0,
      "recall": 0.0,
      "f1-score": 0.0,
      "support": 1.0
    },
    "Sadness": {
      "precision": 1.0,
      "recall": 0.5714285714285714,
      "f1-score": 0.7272727272727273,
      "support": 7.0
    },
    "accuracy": 0.6122448979591837,
    "macro avg": {
      "precision": 0.5422619047619047,
      "recall": 0.49016697588126157,
      "f1-score": 0.4844750021220609,
      "support": 49.0
    },
    "weighted avg": {
      "precision": 0.678061224489796,
      "recall": 0.6122448979591837,
      "f1-score": 0.615647471109656,
      "support": 49.0
    }
  },
  "confusion_matrix": [
    [
      2,
      1,
      1,
      3,
      0,
      0,
      0
    ],
    [
      0,
      6,
      0,
      0,
      5,
      0,
      0
    ],
    [
      1,
      0,
      13,
      0,
      0,
      0,
      0
    ],
    [
      0,
      0,
      2,
      2,
      0,
      0,
      0
    ],
    [
      0,
      2,
      0,
      0,
      3,
      0,
      0
    ],
    [
      0,
      0,
      0,
      0,
      1,
      0,
      0
    ],
    [
      0,
      0,
      0,
      0,
      3,
      0,
      4
    ]
  ]
}